0,magnolia_tripetala
1,calyptranthes_parriculata
2,chamaecyparis_pisifera_oil
3,mackerel
4,mimusops_elengi_flower
5,hyssop
6,buchu
7,black_pepper
8,eryngium_poterium_oil
9,peanut_butter
10,artemisia_verlo
11,agastache_rugosa
12,satureia_thymera
13,petitgrain
14,orris_root
15,black_mustard_seed_oil
16,celery_oil
17,red_bean
18,almond
19,bacon
20,lavender
21,black_chokecherry
22,abies_canadensis
23,petitgrain_lemon
24,keta_salmon
25,jasmine_tea
26,grapefruit_peel
27,acacia_flower_oil
28,nezara_viridula
29,lemon_tree
30,litchi
31,filbert
32,yellow_passion_fruit_juice
33,jasmine
34,congo_geranium
35,maple_syrup
36,vervain_leaf
37,smoke
38,toasted_oat
39,reunion_geranium
40,kabosu_peel_oil
41,soybean
42,wintergreen_leaf
43,eucalyptus_hemilampra
44,jammus_citronella_oil
45,spike
46,blueberry
47,musk
48,callitris_glauca
49,red_currant
50,myrrh
51,pecan
52,cicuta_virosa_oil
53,purple_passion_fruit_juice
54,caja_fruit
55,juniper_leaf_oil
56,madagascar_cinnamon_leaf_oil
57,smoked_sausage
58,wort
59,celery_seed
60,pinus_sylvestris
61,chayote
62,beet_juice
63,dolphin
64,honey
65,agarwood
66,litsea_odorifera
67,mentha_crispa
68,american_peppermint_oil
69,cottage_cheese
70,bulgarian_clary_sage
71,solidago_odora
72,hop
73,paraguay_petitgrain
74,smoked_summer_sausage
75,myrocarpus_fastigiatus
76,eucalyptus_dives
77,picea_orientalis
78,tulip
79,ligusticum_acutilobum_oil
80,nutmeg_oil
81,tahiti_vanilla
82,matricaria_parthenium_oil
83,valencia_orange_juice
84,wine
85,piper_famechoni
86,carphephorus_corymbosus_leaf
87,tsuga_canadensis_oil
88,orange_juice
89,fagara_zanthoxyloides_oil
90,petitgrain_lemon_oil
91,guava_peel
92,bitter_orange
93,roasted_sesame_seed
94,avocado
95,clary_sage
96,blackberry_juice
97,tomato_juice
98,fig
99,american_storax
100,savory
101,passiflora_edulis_juice
102,trassi
103,abies_concolor
104,castoreum
105,bread
106,wild_vanilla
107,meat
108,thuja_articulata_bark_oil
109,nemuaron_humboldtii_oil
110,citrus_peel
111,robinia_pseudoacacia
112,rosemary
113,satsuma_mandarin_peel
114,prawn
115,thujopsis_dolabrata
116,turnip
117,sweet_potato
118,black_sesame_seed
119,ribes
120,mentha
121,california_pepper
122,eucalyptus_citriodora
123,dried_black_tea
124,roasted_hazelnut
125,melaleuca_oil
126,phellodendron_amurense
127,sesame_oil
128,boronia_dentigeroides_oil
129,several_oil
130,saxifragaceae
131,bachang
132,smoked_pork
133,raisin
134,luvunga_scadens_oil
135,salmon_caviar
136,garlic
137,cheddar_cheese
138,field_mint_oil
139,winter_savory
140,birch
141,lettuce
142,tamarind
143,ceylon_tea
144,yellow_mombin
145,cod_liver_oil
146,polyalthia_canangioides_flower
147,licorice
148,tilsit_cheese
149,estragon
150,dwarf_quince
151,cereal
152,hazelnut
153,orthodon_tenuicaule_oil
154,sauvignon_grape
155,green_mate
156,pittosporum_glabratum
157,mentha_verticillata
158,trifolium_pratense_leaf_oil
159,honey_fungus
160,litsea_guatemalensis_oil
161,tonka_bean_seed
162,bulgarian_clary_sage_oil
163,cinnamomum
164,ginger
165,seed
166,mint
167,hogweed_oil
168,crepis_foetida_root
169,goat_cheese
170,cymbopogon_javanensis
171,heracleum_candicans_oil
172,key_lime_leaf
173,sugarcane
174,english_peppermint_oil
175,anise_brandy
176,cupressus_macrocarpa_oil
177,ylangylang_oil
178,hernandia_peltata_oil
179,wood_oil
180,watercress
181,boronia_citriodora
182,eremocitrus_glauca
183,passion_fruit_juice
184,macadamia_nut
185,piri_piri
186,nettle
187,pineapple
188,scotch
189,umbelliferae
190,armagnac
191,japanese_mint
192,orange_flower_oil
193,tequila
194,sage
195,seseli_sibiricum
196,fennel
197,radish_oil
198,chamomile
199,shellfish
200,milk_fat
201,echinacea
202,celery
203,vanilla_oil
204,mung_bean
205,rice
206,italian_orange_oil
207,sour_milk
208,asarum_canadense_root_oil
209,cypress_oil
210,watermelon
211,sheep_cheese
212,wild_bergamot_oil
213,goat_milk
214,raw_pork
215,bay
216,whitefish
217,curcuma_aeruginosa
218,artemisia_transiliensis
219,grape_juice
220,florida_orange_juice
221,nut
222,myrtus_communis
223,eucalyptus_cinereea
224,schizandra_oil
225,pandanus_odoratissimus
226,michelia
227,tea_oil
228,bitter_orange_flower_oil
229,artemisia_santolinifolia
230,yogurt
231,lemon_peel
232,california_orange
233,estragon_oil
234,orange_tree
235,raspberry_juice
236,ham
237,barosma_betulina
238,cod
239,clove_pink
240,boronia_anemonifolia
241,rosa_centifolia
242,calamus
243,lime_juice
244,petasites_fragrans
245,kaschmis_citronella_oil
246,eucalyptus_dives_oil
247,litsea_odorifera_leaf_oil
248,beef
249,shiitake
250,bitter_fennel
251,parsley
252,helichrysum_angustifolium
253,fermented_tea
254,grapefruit
255,beet
256,basil
257,kelp
258,roasted_beef
259,chrysocoris_stolli
260,mushroom
261,baked_potato
262,bitter_orange_juice
263,violet_leaf
264,sweetfish
265,myrrh_oil
266,lemongrass_oil
267,boronia_ledifolia_oil
268,leptospermum_citratum
269,petitgrain_lime
270,rosa_bourboniana_oil
271,chervil
272,eriostemon_coxii_leaf_oil
273,larch_tree
274,barosma_pulchella_leaf_oil
275,litsea_guatemalensis
276,tunisian_rosemary
277,artemisia_camphorata
278,pine_turpentine
279,achillea_micrantha_oil
280,rose_oil
281,acacia_farnesiana_oil
282,xanthorrhoea_hostilis
283,manila_copal
284,carnation
285,vegetable
286,calabash_nutmeg
287,chamaecyparis_pisifera
288,sheep_milk
289,papaya
290,litsea_zeylanica_oil
291,carpinus_betulus
292,russian_star_anise
293,rabbiteye_blueberry
294,rutaceae
295,narcissus_oil
296,tuna
297,cherry_juice
298,butter
299,hyacinth_oil
300,irish_whiskey
301,chrysanthemum_japonicum
302,orange_peel
303,kale
304,lily_oil
305,malabar_lemongrass_oil
306,calytrix_tetragona_oil
307,achillea_ageratum
308,huckleberry
309,cherry
310,satsuma_mandarin_peel_oil
311,yellow_passion_fruit
312,pandanus_odoratissimus_oil
313,strawberry_oil
314,cognac
315,rubus_arcticus
316,galanga
317,roasted_mate
318,guineafowl
319,honduras_balsam
320,boiled_crab
321,soursop
322,finocchoi_fennel_oil
323,fried_chicken
324,fermented_russian_black_tea
325,cassis_juice
326,orchid
327,okra
328,eel
329,eucalyptus_diversicolor_oil
330,bartlett_pear
331,bergamot_oil
332,juniperus_phoenicea_oil
333,phebalium_nudum_root_oil
334,taiwan_citronella
335,benzoin
336,lingonberry
337,boldo
338,plum
339,farnesol
340,teucrium_chamaedrys
341,seed_oil
342,octopus
343,storax
344,ruta_chalepensis_oil
345,passiflora_mollissima
346,mastic_gum_oil
347,copaiba
348,summer_savory
349,fagroea_racemosa_flower
350,blenheim_apricot
351,gin
352,ceriman
353,hop_oil
354,mate_leaf
355,lovage_root
356,turpentine
357,beech
358,agastache_formosana
359,temple_orange_juice
360,grilled_beef
361,whiskey
362,erica_arborea_oil
363,melilotus_officinalis
364,elettaria_caradmomum_oil
365,cupressaceae_oil
366,black_seabream
367,brazilian_sassafras_oil
368,mexican_linaloe
369,cacao
370,capsicum_annuum
371,acacia
372,starfruit
373,strawberry_jam
374,red_meat
375,toasted_sesame_seed
376,leek
377,spearmint_oil
378,mastic_gum_leaf_oil
379,monarda_fisulosa
380,fried_pork
381,rapeseed
382,acacia_caven
383,caraway
384,mimosa_oil
385,potato
386,cherry_brandy
387,artemisia_arborescens
388,galbanum_oil
389,eucalyptus_oil
390,lemon_juice
391,sunflower_oil
392,buchu_leaf_oil
393,brazil_nut
394,garlic_mustard
395,anise_seed
396,milk
397,american_peppermint
398,purple_passion_fruit
399,grape
400,jasmine_oil
401,camembert_cheese
402,citronella_oil
403,violet_flower_oil
404,melon
405,boldea_fragrans
406,thai_pepper
407,yeast
408,grape_brandy
409,laminaria_japonica
410,ximenia_aegyptiaca
411,bitter_orange_peel_oil
412,mentha_citrata
413,loganberry
414,thuja_occidentalis
415,mentha_viridis
416,wood_vinegar
417,pork
418,oxidized_milk
419,currant
420,angelica_oil
421,european_cranberry
422,frankfurter
423,pomelo_peel
424,garlic_oil
425,spanish_origanum
426,boletus_scaber
427,corn
428,artemisia_hausiliensis
429,palm_oil
430,corn_flake
431,dried_spinach
432,vachellia_farnesiana
433,perovski_abrotanoides_oil
434,highbush_blueberry
435,barosma_pulchella_oil
436,niaouli_oil
437,root
438,raw_pea
439,cinnamon
440,monodora_grandiflora
441,carob
442,passion_fruit_wine
443,lemon_peel_oil
444,radish
445,seseli_tortuosum
446,lemon_oil
447,iberis_sempervirens_seed
448,citrus_leaf_oil
449,pinus_densiflora
450,vetiver_oil
451,raw_chicken
452,japanese_calamus
453,patchouli_oil
454,raw_bean
455,sake
456,citrus_peel_oil
457,elsholtzia_ciliata
458,bael
459,botrytized_wine
460,lavender_delphinensis
461,sassafras_root_oil
462,angelica_root_oil
463,kola_tea
464,corn_oil
465,cumin_oil
466,olive
467,spearmint
468,japanese_hop_oil
469,butterfat
470,sumatra_benzoin
471,pinus_sabiniana_terpentine
472,apple_sauce
473,roasted_macadamia_nut
474,thlaspi_arvense_oil
475,eucalyptus_maideni
476,raspberry_oil
477,raw_asparagus
478,turkmenistan_sunguli_oil
479,chrysanthemum_sincuse_flower
480,malabar_cardamom_oil
481,gelatin
482,crisp_bread
483,date
484,limburger_cheese
485,solanaceae
486,mango
487,cape_gooseberry
488,lindera_citriodora
489,coconut_oil
490,pinus_excelsa
491,rafanus_sativus_root
492,american_sassafras_oil
493,chinese_star_anise_oil
494,boiled_chicken
495,artemisia_scoparia
496,chickpea
497,dried_green_tea
498,kumquat_peel_oil
499,dacrydium_franklinii_oil
500,artemisia_maritime_oil
501,artemisia_frigida
502,italian_lime
503,pittosporum_flower
504,orange_peel_oil
505,thymus
506,bantu_beer
507,melilotus_albus_leaf
508,ceanothus_velutinus_leaf
509,asian_storax
510,boldo_leaf
511,cinchona_officinalis
512,beef_broth
513,cistus_ladaniferus
514,sesame_seed_oil
515,myrtle
516,rye_flour
517,leptospermum_liversidgei
518,orange_leaf_oil
519,french_lavender
520,doryphora_sassafras_leaf_oil
521,aconitum_napellus
522,hybrid_passion_fruit_juice
523,carphephorus_paniculatus_leaf
524,lesquerella_seed
525,cheese
526,randia_formosa_flower
527,citronella_grass
528,quercus_olive
529,siam_benzoin
530,asarum_europaeum_root_oil
531,cassava
532,muscadine_grape
533,valerian_oil
534,loiseleuria_procumbens
535,auricula_oil
536,valencia_orange_oil
537,citronella
538,black_chokeberry
539,celery_root
540,senecio_kaempferi
541,while_thyme_oil
542,chestnut_honey
543,magnolia_salicifolia_oil
544,cane_molasses
545,coconut
546,grape_vine
547,violet
548,port_wine
549,fortunella_margarita
550,fermented_radish
551,blumea_malcomii_oil
552,berry_bud
553,eucalyptus_citriodora_oil
554,penang_benzoin
555,shoro
556,california_orange_peel
557,cinnamomum_cassia_oil
558,palmarosa_oil
559,wild_berry
560,tea_tree_oil
561,myrtaceae_oil
562,petitgrain_lime_oil
563,artemisia_juncea
564,achasma_walang
565,chinese_star_anise
566,uncured_boiled_pork
567,rye_bread
568,polysiphonia_fastigiata
569,red_sage
570,boiled_meat
571,arrack
572,nectarine
573,mantis_shrimp
574,levisticum_acutilobum
575,pumpkin
576,fermented_tea_leaf_oil
577,spearmint_scotch_oil
578,wild_strawberry
579,cumin
580,uncured_smoked_pork
581,backhousia_citriodora
582,hinoki_oil
583,chinese_cinnamon
584,seal
585,artemisia_tridentata
586,mutton
587,roasted_peanut
588,petrosimonia_monandra
589,roasted_meat
590,mandarin
591,leaf_oil
592,winter_melon
593,caucus
594,labdanum
595,cantaloupe
596,japanese_peppermint
597,oak_leaf
598,brassica
599,finnish_whiskey
600,alpinia_malaccensis
601,elderberry_juice
602,auto_oxidized_salmon_oil
603,domiati_cheese
604,mexican_lime
605,comte_cheese
606,raw_lean_fish
607,mentha_silvestris_oil
608,ceylon_tea_cinnamon_leaf
609,berry
610,sudachi
611,cinnamon_leaf_oil
612,ceylon_citronella_oil
613,navy_bean
614,tabasco_pepper
615,zanthoxylum_piperitum
616,turkey
617,spermaceti_oil
618,malagueta_pepper
619,red_wine
620,squash
621,thymus_zygis
622,indian_hemp
623,jamaican_rum
624,mashed_potato
625,boiled_beef
626,green_tea_oil
627,rhus_cotinus_leaf
628,coriander_oil
629,ledum_palustre
630,passion_fruit
631,coffee
632,magnolia_oil
633,red_kidney_bean
634,cocoa_liquor
635,cryptomeria_japonica
636,calytrix_virgata
637,zanthoxylum_rhetsa_oil
638,macaroni
639,catfish
640,sapodilla
641,tangerine_oil
642,cocoa_leaf
643,fruit
644,hogweed
645,babaco
646,salmon_roe
647,brown_rice
648,eryngium_poterium
649,rhodotorula_glutinis
650,choke_cherry
651,waste_wort
652,veal
653,boswellia_serrata_oil
654,piper_officinarum
655,nectandra_elaiophora
656,bitter_orange_leaf
657,wild_grape
658,cilantro
659,crimean_white_grape_oil
660,prunus
661,rose
662,anise_hyssop
663,cayenne
664,monarda_citriodora_oil
665,grapefruit_oil
666,eucalyptus_amygdalina
667,melissa_oil
668,vitis
669,jonquil
670,houttuynia_cordata_oil
671,endive
672,tobacco_leaf_oil
673,orthodon_linalooliferum
674,clam
675,thyme
676,blackberry
677,geranium_oil
678,morus_bombycis_oil
679,lobster
680,corn_mint
681,sphaeranthus_indicus_oil
682,chicken_liver
683,origanum
684,scotch_spearmint_oil
685,marula
686,mastic_gum_fruit_oil
687,graminaceae
688,brazil_peppermint_oil
689,zingiberaceae
690,roasted_chicory_root
691,cayenne_rosewood
692,brazil_rosewood
693,smoked_herring
694,shrimp
695,pistachio
696,swiss_cheese
697,wild_rice
698,chive
699,sea_buckthorn
700,lavender_oil
701,orange_leaf
702,phellodendron_japonicum
703,white_bread
704,orange_oil
705,yam
706,melaleuca_smithii
707,anise
708,american_potato_chip
709,mandarin_leaf_oil
710,java_citronella
711,clary_sage_bush
712,star_anise_oil
713,cabreuva
714,spanish_origanum_oil
715,raw_lamb
716,sauerkraut
717,strawberry
718,rice_bran
719,elsholtzia_argyi
720,elder_flower
721,palmarosa
722,sherry_wine
723,mandarin_peel_oil
724,cream
725,angelica
726,basil_oil
727,pinus_jeffreyi_terpentine
728,verbena_oil
729,roasted_almond
730,monarda_punctata
731,orris
732,clary_sage_oil
733,larix
734,wax_jambu
735,pear
736,dill_seed
737,brandy
738,butter_oil
739,monkey_orange
740,oregano_oil
741,globefish
742,roasted_turkey
743,lemon_balm
744,rosa_borbonica
745,cinnamomum_camphora
746,brussels_sprout
747,spanish_sage
748,cananga
749,parmesan
750,porcini
751,roman_chamomile
752,ginger_oil
753,dairy
754,pickled_ham
755,litsea_cubeba_fruit
756,lima_bean
757,gardenia_flower_oil
758,helichrysum_italicum
759,kidney_bean
760,vitis_labrusca
761,apple_brandy
762,mexican_goosefoot
763,pickled_plum
764,dacrydium_colensoi
765,cinnamon_oil
766,snap_bean
767,egg_noodle
768,michelia_champaca_oil
769,borosma_pulchellum
770,papaver_somniferum
771,bay_laurel_oil
772,lovage_leaf
773,wallflower
774,ethiopian_pepper
775,tea
776,plum_brandy
777,phallus_impudicus
778,bergamot
779,lavender_vera_oil
780,nigra_oil
781,guava
782,bisabol_myrrh
783,japanese_seafood
784,pinus_jeffreyi
785,lantana_camara_oil
786,black_tea_oil
787,grapefruit_juice
788,artemisia_cina
789,chamaecyparis_lawsoniana
790,dried_fig
791,french_peppermint_oil
792,grapefruit_blossom
793,eucalyptus_microcorys_leaf_oil
794,datura_stramonium
795,neroli
796,pinus_communis_oil
797,melaleuca_bracteata
798,mulberry_leaf
799,grape_syrup
800,lauraceae
801,heracleum_villosum_oil
802,dwarf_pine
803,dalbergia_sissoo
804,roquefort_cheese
805,lingonberry_juice
806,fish_oil
807,castoreum_oil
808,hevea_brasiliensis_flower
809,herring
810,crownberry
811,lean_fish
812,ambrette_seed_oil
813,currant_leaf
814,prunus_laurocerasus
815,east_african_geranium
816,bitter_orange_oil
817,loquat
818,agaricus
819,krill
820,marjoram_oil
821,citrus_fruit_blossom
822,hinoki
823,malt
824,enokidake
825,hedychium_spicatum
826,thea_chinensis_oil
827,eucalyptus_globulus_oil
828,copaiba_balsam
829,american_pennyroyal
830,durian
831,ormenis_multicaulis
832,temoe_lawak
833,ledum_palustre_oil
834,juniperus_chinensis_oil
835,chamaecyparis_formosensis_root_oil
836,plant
837,zanthoxylum_piperitum_fruit_oil
838,larix_americana
839,caucas
840,eucalyptus_macarthuri_oil
841,mangosteen
842,bulgarian_rose
843,mentha_longifolia_oil
844,roasted_lamb
845,hoary_basil_leaf_oil
846,muscat_grape
847,phebalium_dentatum
848,egg
849,turmeric
850,laurel_leaf_oil
851,pinus_sylvestris_oil
852,siberian_pine_needle_oil
853,seychelles_tea
854,curcuma_aromatica
855,corn_salad
856,cajeput
857,katsuobushi
858,raw_beef
859,south_african_mentha_longifolia
860,mutton_liver
861,smoked_fish
862,burley_tobacco_oil
863,nobiru
864,tsuga_canadensis
865,orthodon_citraliferum
866,skim_milk
867,wasabi
868,vitis_labrusca_juice
869,bulgarian_peppermint
870,muskmelon
871,phebalium_dentatum_leaf
872,corn_tortilla
873,juniper_berry
874,vetiver
875,chicken_broth
876,zanthoxylum_rhetsa
877,boronia_ledifolia_leaf
878,fish
879,elsholtzia_ciliata_oil
880,ruta_pinnata_leaf_oil
881,apricot_kernel
882,lemongrass
883,flower
884,garcia_mangostana
885,carob_fruit
886,roasted_nut
887,rhus_semialata
888,bilberry_wine
889,quince
890,spike_oil
891,benzoin_resin
892,cockroach
893,eucalyptus_macarthurii
894,cherimoya
895,tobacco_leaf
896,algae
897,petitgrain_bergamot
898,concord_grape
899,rice_husk
900,eucalyptus_polibrac_tea_oil
901,sweet_basil
902,cloudberry
903,coffee_flower
904,fumaria_officinalis
905,russian_peppermint_oil
906,pennyroyal_oil
907,japanese_hop
908,black_tea
909,narcissus
910,mountain_papaya
911,juniperus_sabina
912,orange_flower
913,myrocarpus_frondosus
914,smoked_pork_belly
915,scallion
916,melaleuca_trichostachya_oil
917,wintergreen_oil
918,banana
919,eucalyptus
920,dried_parsley
921,beechwood_tar
922,lavandin_oil
923,gruyere_cheese
924,blackberry_brandy
925,haddock
926,trametes_graveolens
927,piper_chaba
928,onion_juice
929,kiwi
930,artemisia_ferganensis
931,corn_grit
932,stirlingia_latifolia
933,lavandin
934,sherry
935,roasted_green_tea
936,scotch_whiskey
937,litsea_zeylanica
938,nepeta_japonica
939,cognac_oil
940,salmon
941,russian_champagne
942,cigarette
943,mace
944,oyster
945,soybean_oil
946,raspberry_brandy
947,tuber
948,rancid_coconut_oil
949,brewed_tea
950,roasted_onion
951,cumin_fruit_oil
952,thuja_plicata
953,roselle
954,ceylon_cinnamon
955,japanese_star_anise
956,backhousia_citriodora_oil
957,eucalyptus_goniocalyx
958,fried_beef
959,oak_tar_oil
960,larix_deciduas
961,cupressus_lusitanica
962,japanese_whiskey
963,ashanti_pepper
964,saigon_cinnamon
965,long_pepper
966,orthodon_methylisoeugenoliferum_oil
967,roasted_malt
968,calytrix_tetragona
969,coprosma_foetidissima_leaf
970,lemon_eucalyptus
971,psilocaulon_absimile
972,kaempferia_ethel_bulb_oil
973,onion_oil
974,cloudberry_oil
975,polianthes_tuberosa_oil
976,laurel
977,mint_oil
978,cymbopogon_citralis_oil
979,ambrette_seed
980,orthodon_methylisoeugenoliferum
981,american_cranberry
982,chenopodium
983,elderberry
984,sperm_whale_oil
985,citrus_oil
986,champaca
987,violet_flower
988,eucalyptus_citridora
989,ligusticum_acutilobum
990,pennyroyal
991,bergamot_peel_oil
992,cubeb
993,east_indian_geranium
994,blue_cheese
995,geraniaceae
996,asarum_arifolium_root_oil
997,silk_fibrooin
998,olive_oil
999,kencur_oil
1000,scallop
1001,pear_brandy
1002,picea_balsamea_oil
1003,provolone_cheese
1004,bulgarian_rose_oil
1005,abies_sibirica
1006,horseradish_oil
1007,red_algae
1008,buttermilk
1009,palm_fruit
1010,vietnamese_black_tea
1011,micromeria_abyssinica
1012,vinegar
1013,fermented_shrimp
1014,burley_tobacco
1015,liver
1016,wild_bergamot
1017,picea_canadensis
1018,feronia_elephantum
1019,petitgrain_bigarade
1020,cabernet_sauvignon_grape
1021,capsicum
1022,potato_chip
1023,carnation_oil
1024,oriental_storax
1025,citrus_limetta_oil
1026,black_currant
1027,french_bean
1028,smoked_fatty_fish
1029,origanum_oil
1030,scotch_spearmint
1031,populus_balsamifera
1032,fruit_juice
1033,mandarin_oil
1034,ewe
1035,chicory
1036,cayenne_bois_de_rose
1037,california_laurel_oil
1038,chinese_quince_peel
1039,wood_tar
1040,andropogon_gragrans
1041,cabbage_juice
1042,baeckea_citriodora
1043,fried_cured_pork
1044,cucumber
1045,pimento
1046,pimenta
1047,almond_flower
1048,sumac
1049,mentha_aquatica
1050,feces
1051,oak_musk
1052,crayfish
1053,sauvignon_blanc_grape
1054,roasted_pork
1055,unprocessed_rice
1056,andropogon_jwarancusa
1057,atropa_belladonna_leaf
1058,barosma_crenulata
1059,boiled_pork
1060,horseradish
1061,roasted_shrimp
1062,kumquat
1063,holy_basil
1064,chinese_quince
1065,asperula_odorosa
1066,callitris_drummondii
1067,peru_balsam
1068,muscat_grape_juice
1069,beet_root
1070,thymus_caespeititius
1071,jackfruit
1072,oxidized_skim_milk
1073,cooked_apple
1074,german_chamomile_oil
1075,ceylon_tea_citronella_oil
1076,demon_red
1077,annona_reticulata
1078,caraway_seed
1079,abies_balsamea_oil
1080,zucchini
1081,pilchard
1082,horse_mackerel
1083,palm
1084,salvia_grandifiora_oil
1085,beef_tallow
1086,lard
1087,ananas_sativus
1088,pea
1089,rum
1090,jaborandi_leaf_oil
1091,rue
1092,raw_peanut
1093,corn_mint_oil
1094,raspberry
1095,pelargonium
1096,smoked_salmon
1097,acacia_farnesiana
1098,oatmeal
1099,rhododendron_fauriae_leaf
1100,imperatoria
1101,chamomile_oil
1102,israeli_orange
1103,pine_oil
1104,japanese_peppermint_oil
1105,thaumatococcus_daniellii
1106,melilotus_officinalis_flower
1107,french_fried_potato
1108,cinnamomum_oliveri_leaf
1109,chinese_cabbage
1110,pelargonium_tomentosum
1111,atropa_belladonna_root
1112,creosote
1113,vegetable_oil
1114,green_bell_pepper
1115,beef_liver
1116,banana_passion_fruit
1117,cream_cheese
1118,oat_groat
1119,jonquil_oil
1120,apricot
1121,peppermint
1122,cassia_oil
1123,sea_algae
1124,pinus_avium_fruit
1125,dill
1126,bay_laurel
1127,rotundifolia
1128,rose_wine
1129,cardamom_oil
1130,sandalwood
1131,satsuma
1132,lemon
1133,peach
1134,saffron
1135,ananas_sativus_oil
1136,pinto_bean
1137,callitris_intratropica
1138,labiatae
1139,eucalyptus_radiata_oil
1140,mustard
1141,kaffir_lime
1142,gardenia
1143,strawberry_juice
1144,cistus_labdanum
1145,cuttlefish
1146,abies_sibirica_oil
1147,clove_oil
1148,emmental_cheese
1149,guarana
1150,juniper_oil
1151,pinus_punulio
1152,wheat_bread
1153,cured_ham
1154,artemisia_dracunculus_oil
1155,melaleuca_paucifiora_oil
1156,callitris_gracilis
1157,cabernet_sauvignon_wine
1158,bulgarian_tobacco
1159,hog_plum
1160,peanut
1161,geranium
1162,dried_kidney_bean
1163,schizandra_nigra_oil
1164,toasted_oat_groat
1165,eucalyptus_globulus
1166,cinnamomum_kanahirain
1167,cassia
1168,wheat_bran
1169,curcuma
1170,ouzo
1171,cinnamomum_oil
1172,oxystigma_buccholtzii_flower
1173,fruit_brandy
1174,asparagus
1175,artemisia_herba_alba
1176,japanese_star_anise_oil
1177,artemisia_brevifolia
1178,myrtleberry
1179,wheat
1180,gastrochilus_pandurata_oil
1181,grape_must
1182,tarragon
1183,soy_sauce
1184,mentha_timija
1185,coal_tar
1186,thaumatococcus_daniellii_fruit
1187,southern_pea
1188,rosaceae
1189,tangerine_peel_oil
1190,raw_soybean_oil
1191,rhus_glabra
1192,tea_leaf_oil
1193,buckwheat
1194,popcorn
1195,mussel
1196,peppermint_oil
1197,apple
1198,wood_spirit
1199,lime
1200,robinia_pseudoacacia_oil
1201,rutabaga
1202,eucalyptus_australianavar_oil
1203,liatris_odoratissima
1204,crab
1205,alpinia_malaccensis_oil
1206,raw_fish
1207,thuja_standishii
1208,tangerine
1209,citrus_juice
1210,french_marigold_oil
1211,bitter_almond_oil
1212,salvia_spinosa
1213,lamb_liver
1214,mammee
1215,myrcia_acris
1216,carrot
1217,bystropogon_mollis_leaf_oil
1218,callitris
1219,roasted_barley
1220,tuberose
1221,lamb
1222,violet_leaf_oil
1223,wood_apple
1224,rhubarb
1225,custard_apple
1226,russian_cheese
1227,animal
1228,pelargonium_capitaux
1229,angelica_root
1230,darwinia_grandiflora_oil
1231,persea_gratissima_peel
1232,kohlrabi
1233,cardamom
1234,rhodophyllus_icterus
1235,mozzarella_cheese
1236,rye_ergot
1237,cabbage
1238,pork_sausage
1239,armenian_muscat_grape_oil
1240,tomato
1241,violet_root
1242,nance
1243,ylangylang
1244,ocimum_viride
1245,fatty_fish
1246,magnolia_grandiflora
1247,tobacco_flower
1248,kumazasa
1249,acacia_dealbata
1250,peanut_oil
1251,artichoke
1252,ocimum_gratissimum
1253,litsea_odorifera_oil
1254,pawpaw
1255,walnut
1256,japanese_ho_leaf_oil
1257,orange
1258,roasted_pecan
1259,abies_alba_pine_needle
1260,callitris_rubusta
1261,citrus
1262,artemisia_frigida_oil
1263,orthodon
1264,roman_chamomile_oil
1265,jasminum_odoratissimum_oil
1266,ormenis_mixta_oil
1267,coriander
1268,ptychotis_ajowan_seed_oil
1269,cider
1270,araucaria_cunninghamii
1271,grilled_pork
1272,ambrette
1273,ceylon_citronella
1274,lilac
1275,litsea_cubeba_oil
1276,lentil
1277,pinanona
1278,whole_grain_wheat_flour
1279,luraceae_oil
1280,mate
1281,barley
1282,pepino_melon
1283,sparkling_wine
1284,elderberry_fruit
1285,pinus_sabiniana
1286,caesalpinia_spinosa
1287,monarda_punctata_oil
1288,agathosma_gnidioides_leaf_oil
1289,wild_raspberry
1290,angelica_seed
1291,mastic_gum
1292,bell_pepper
1293,artemisia_santolinifolia_oil
1294,litsea_citrata
1295,honduras_peru_balsam
1296,rooibus_tea
1297,parsnip
1298,romano_cheese
1299,beech_tar_creosote
1300,eryngium_facidum
1301,lemon_flower
1302,java_citronella_oil
1303,alcoholic_beverage
1304,sapodilla_fruit
1305,shallot
1306,buchu_oil
1307,udo
1308,kola_nut
1309,rum_brandy
1310,prune
1311,malt_whiskey
1312,safflower_seed
1313,camphor_oil
1314,cowberry
1315,melaleuca_bracteata_leaf
1316,bilberry
1317,uncured_pork
1318,betel
1319,raw_radish
1320,clove
1321,hoary_basil
1322,bone_oil
1323,thymbra_spicata_oil
1324,ginger_grass
1325,chestnut_flower
1326,trifolium_incarnatum
1327,rose_hip
1328,vervain
1329,salmon_oil
1330,raw_potato
1331,russian_anise
1332,eucalyptus_bakeries_oil
1333,jasminum_grandiflorum_oil
1334,matsutake
1335,tolu_balsam
1336,seaweed
1337,sour_cherry
1338,chicken
1339,rhus_typhia
1340,california_lemon_oil
1341,alpinia_sessilis
1342,artemisae_oil
1343,bog_blueberry
1344,starch
1345,raw_turkey
1346,welsh_onion
1347,piper_lowong
1348,bean
1349,picea_rubens
1350,plum_wine
1351,bourbon_whiskey
1352,chicory_root
1353,tobacco
1354,sea_bass
1355,rosemary_oil
1356,nutmeg
1357,honeydew
1358,phellodendron_amurense_fruit
1359,baeckea_citriodora_oil
1360,cupressaceae
1361,apple_juice
1362,chamaecyparis_formosensis_oil
1363,roasted_spanish_peanut
1364,rose_flower_oil
1365,furcraea_gigantean_flower_oil
1366,caprifoliaceae
1367,orris_oil
1368,wheat_flake
1369,mustard_greens_oil
1370,cauliflower
1371,finnish_pine_oil
1372,sassafras
1373,prickly_pear
1374,guinea_pepper
1375,black_raspberry
1376,picea_alba_oil
1377,grain
1378,split_pea
1379,marjoram
1380,roasted_cocoa
1381,litsea_cubeba
1382,oregano
1383,parsnip_fruit
1384,anise_seed_oil
1385,rhizopus
1386,valerian_root_oil
1387,neroli_oil
1388,arnica_montana
1389,tangerine_juice
1390,cured_pork
1391,verbenaceae
1392,abies_alba
1393,hyacinth
1394,cypress
1395,fennel_oil
1396,wood
1397,satureia_montana
1398,liquidambar_orientalis_storax
1399,vanilla
1400,raw_leek
1401,parmesan_cheese
1402,chokeberry
1403,pork_liver
1404,salvia_triloba_oil
1405,grapefruit_peel_oil
1406,naranjilla
1407,squid
1408,wild_marjoram
1409,israeli_orange_oil
1410,roasted_filbert
1411,aristolochia_clematitis
1412,sesame_seed
1413,laurel_leaf
1414,guinea_orange_oil
1415,fenugreek
1416,balm
1417,lilium_candidum_flower
1418,black_currant_bud
1419,french_peppermint
1420,whale
1421,broccoli
1422,feta_cheese
1423,water_apple
1424,crowberry
1425,camphor
1426,hatsutake
1427,texas_sage
1428,white_wine
1429,sweet_grass_oil
1430,cymbopogon_sennaarensis
1431,pinaceae
1432,azalea
1433,magnolia_fuscata
1434,jerusalem_artichoke
1435,oat
1436,nira
1437,daffodil_flower
1438,malay_apple
1439,peated_malt
1440,berry_juice
1441,weinbrand
1442,cayenne_linaloe
1443,cruciferae_seed
1444,raw_fatty_fish
1445,black_currant_juice
1446,lovage
1447,onion
1448,mindanaese_cinnamomum_oil
1449,lippia_scaberrima
1450,rhus_coriaria
1451,strawberry_wine
1452,silkworm_chrysalis
1453,pinus_jeffreyi_leaf_oil
1454,ceylon_tea_oil
1455,wheaten_bread
1456,andropogon_intermedius
1457,blumea_eriantha_oil
1458,jasminum_grandiflorum
1459,achillea_millefolium
1460,thuja_occidentalis_oil
1461,lime_oil
1462,orthodon_asaroniferum_oil
1463,barosma_venustum
1464,lippia_carviodora
1465,leaf
1466,melaleuca_viridiflora
1467,parsnip_root
1468,neroli_bigarade
1469,truffle
1470,thymus_oil
1471,pepper
1472,rangpur
1473,oxidized_lard
1474,champagne_wine
1475,roasted_chicken
1476,pike
1477,ambergris_oil
1478,black_bean
1479,ocotea_usambarensis_oil
1480,passiflora_edulis
1481,cranberry
1482,mandarin_peel
1483,citron
1484,spanish_anise
1485,chempedak
1486,vitis_labrusca_oil
1487,plumcot
1488,cocoa
1489,dill_blossom
1490,spirea_ulmaria_oil
1491,maize
1492,ruta_montana_oil
1493,rosa_rugosa
1494,caviar
1495,beer
1496,rose_apple
1497,sturgeon_caviar
1498,bitter_almond
1499,valerian
1500,algerian_geranium_oil
1501,thymus_mastichina
1502,citrus_flower_oil
1503,lime_peel_oil
1504,artemisia
1505,compositae
1506,daffodil
1507,valeriana_officinalis
1508,japanese_plum
1509,origanum_floribundum
1510,persea_pubescens
1511,condiment
1512,lilac_flower_oil
1513,white_currant_juice
1514,pouching_tea
1515,raw_cabbage
1516,boiled_mutton
1517,filipendula_ulmaria_flower
1518,cascarilla
1519,cashew
1520,rue_oil
1521,roasted_coconut
1522,cajeput_oil
1523,star_anise
1524,feijoa
1525,tobacco_oil
1526,cinnamon_leaf
1527,green_tea
1528,artemisia_porrecta_oil
1529,munster_cheese
